account_id,account_name,industry,country,plan_tier,avg_seats,avg_mrr,avg_arr,avg_tenure_days,avg_usage,avg_duration,avg_errors,total_tickets,avg_satisfaction,avg_resolution_time,churn_flag,refund_amount
A-00bed1,Company_306,Cybersecurity,US,Basic,34.2000,3350.6000,40207.2000,747.0000,10.00536000,2748.77642000,0.63036000,4,4.000000,31.750000,1,21.17
A-00cac8,Company_26,HealthTech,AU,Enterprise,15.3333,1569.0000,18828.0000,759.2222,10.34114444,2837.91375556,0.63690000,2,NULL,33.000000,0,0.00
A-0158bb,Company_461,FinTech,DE,Basic,25.8333,678.3333,8140.0000,658.6667,9.63890000,3190.82405000,0.76851667,1,3.000000,32.000000,0,0.00
A-016043,Company_405,EdTech,CA,Basic,20.4545,1501.4545,18017.4545,569.1818,10.25454545,2752.78181818,0.38636364,3,4.000000,30.333333,1,84.75
A-019782,Company_142,DevTools,FR,Enterprise,13.6667,928.1111,11137.3333,802.6667,9.98376667,2759.20035556,0.53703333,2,3.000000,10.000000,0,0.00
A-029f69,Company_129,Cybersecurity,CA,Basic,13.7500,914.8750,10978.5000,521.1875,9.48376250,2967.67281875,0.42495000,2,3.000000,42.000000,1,32.73
A-02cd81,Company_76,HealthTech,IN,Basic,44.0000,2354.0000,28248.0000,691.0000,9.68113571,3080.65918571,0.33248571,3,4.500000,17.333333,1,0.00
A-02fac6,Company_52,FinTech,US,Pro,25.4545,2400.9091,28810.9091,759.1818,9.72900000,3100.71391818,0.69639091,6,4.000000,23.333333,1,0.00
A-034368,Company_353,EdTech,US,Enterprise,25.0000,2238.8000,26865.6000,687.0000,9.72334000,2873.01834000,0.98834000,5,4.000000,41.200000,1,0.00
A-0354fe,Company_380,Cybersecurity,US,Basic,34.0000,2210.0000,26520.0000,503.1429,10.22977143,3370.29285714,0.62024286,4,4.000000,20.000000,1,0.00
A-038089,Company_156,DevTools,FR,Pro,15.3333,701.3333,8416.0000,662.3333,11.04166667,3344.53703333,0.86573333,6,3.666667,30.166667,1,19.34
A-039727,Company_107,EdTech,AU,Pro,27.9333,2428.0000,29136.0000,540.4667,10.45188000,3442.47984000,0.45312000,NULL,NULL,NULL,1,46.49
A-0532a9,Company_170,FinTech,IN,Pro,20.9000,1516.1000,18193.2000,595.5000,9.71131000,2920.11310000,0.53929000,8,3.000000,30.750000,1,2.40
A-054577,Company_455,EdTech,UK,Basic,30.6875,2787.5625,33450.7500,634.4375,9.99694375,2650.05901250,0.74385000,1,4.000000,46.000000,0,0.00
A-05d3b3,Company_213,DevTools,AU,Basic,17.9231,970.0000,11640.0000,805.6154,9.93113846,2938.62051538,0.38424615,6,4.333333,31.500000,1,0.00
A-05f0e5,Company_40,FinTech,US,Basic,45.0833,4259.0833,51109.0000,828.6667,10.72965833,3053.31875000,0.68491667,4,4.000000,20.000000,1,72.19
A-0651a4,Company_255,HealthTech,FR,Pro,26.8000,2970.9333,35651.2000,537.9333,10.35111333,3057.59284667,0.69793333,4,4.000000,29.250000,1,0.00
A-068fc6,Company_465,EdTech,US,Enterprise,35.0000,2908.5000,34902.0000,688.7000,10.03333000,2944.47417000,0.42917000,5,4.333333,38.800000,0,0.00
A-075038,Company_397,HealthTech,UK,Basic,31.4286,1350.6429,16207.7143,828.8571,10.49235000,2836.77415000,0.37721429,2,3.000000,43.500000,1,6.38
A-089363,Company_387,FinTech,AU,Basic,18.1429,1507.4286,18089.1429,686.8571,10.02772143,3303.50584286,0.54858571,3,3.666667,35.000000,1,0.00
A-08e34e,Company_32,EdTech,US,Basic,31.0909,1983.7273,23804.7273,643.9091,10.38128182,2934.82801818,0.49686364,3,3.000000,43.000000,1,225.18
A-09316c,Company_341,FinTech,AU,Enterprise,70.0000,6363.6364,76363.6364,599.0909,10.45996364,2988.94765455,0.56729091,4,3.750000,54.750000,1,0.00
A-09540c,Company_239,Cybersecurity,CA,Basic,67.0000,3953.0000,47436.0000,589.0000,11.04405000,3571.94166667,0.56310000,2,4.500000,28.000000,1,71.44
A-098560,Company_349,DevTools,UK,Enterprise,19.7273,1120.5455,13446.5455,685.7273,10.30086364,2985.96482727,0.63131818,2,3.000000,28.000000,1,34.35
A-0a282f,Company_2,DevTools,US,Basic,18.8000,1219.0667,14628.8000,490.9333,10.03539333,3094.54550000,0.56658667,3,4.666667,43.666667,1,62.66
A-0a62f5,Company_381,FinTech,UK,Pro,19.7500,1215.2500,14583.0000,598.5000,9.61230000,2828.15037500,0.34305000,2,NULL,33.500000,1,90.90
A-0aaf6e,Company_114,FinTech,US,Enterprise,23.8889,2676.0000,32112.0000,571.1111,11.03121111,3202.29946667,0.88226667,5,4.000000,45.000000,0,0.00
A-0b0d6d,Company_267,DevTools,US,Pro,20.6923,2576.2308,30914.7692,462.3846,9.27007692,2605.71581538,0.66580769,5,4.000000,31.400000,1,0.00
A-0baac2,Company_264,FinTech,DE,Enterprise,23.3333,3083.3333,37000.0000,412.0000,9.44443333,3393.19443333,0.34721667,6,4.333333,43.500000,1,68.65
A-0be015,Company_454,FinTech,US,Pro,21.4000,235.6000,2827.2000,462.6000,10.85238000,3396.46308000,0.36428000,7,4.200000,40.285714,1,74.68
A-0cc442,Company_198,EdTech,US,Basic,49.6154,4764.2308,57170.7692,543.3846,9.93782308,3058.49230769,0.56923846,3,3.000000,37.000000,1,59.52
A-0dbdc6,Company_366,Cybersecurity,DE,Pro,34.1111,3141.4444,37697.3333,779.7778,9.48070000,2820.25096667,0.69988889,4,5.000000,47.000000,1,175.02
A-0e966d,Company_493,FinTech,IN,Basic,23.6364,1131.3636,13576.3636,586.2727,10.17382727,3385.32293636,0.48642727,3,4.500000,31.666667,0,0.00
A-0f3e88,Company_428,HealthTech,US,Basic,13.9091,511.2727,6135.2727,740.1818,9.87879091,2969.42424545,0.52650909,3,4.500000,48.000000,1,0.00
A-0f6450,Company_400,FinTech,US,Pro,28.0000,2163.6364,25963.6364,547.9091,10.08318000,3285.99967000,0.67643000,8,3.833333,29.750000,1,0.00
A-0f7d77,Company_457,FinTech,IN,Pro,6.1667,387.6667,4652.0000,479.0000,9.93333333,3131.10000000,0.63333333,5,5.000000,27.200000,1,0.00
A-104f1a,Company_89,Cybersecurity,US,Pro,42.2500,1577.1250,18925.5000,536.8750,10.05670000,3665.01026250,0.52008750,5,3.750000,33.200000,1,0.00
A-10b8da,Company_9,DevTools,US,Enterprise,19.3333,1464.5000,17574.0000,721.0000,8.86945000,2271.81388333,0.70416667,3,3.500000,31.333333,0,0.00
A-10b8f2,Company_151,HealthTech,DE,Basic,52.6667,2559.9167,30719.0000,928.4167,9.62500000,2918.60000000,0.52499167,3,4.333333,46.333333,1,0.00
A-117171,Company_135,HealthTech,FR,Basic,45.0000,2403.0000,28836.0000,486.6000,9.72000000,2840.69334000,0.57000000,6,3.666667,32.500000,1,102.86
A-118d55,Company_65,Cybersecurity,US,Basic,16.7500,1993.2500,23919.0000,523.2500,10.32155833,2428.68428333,0.47252500,5,4.333333,24.200000,1,0.00
A-118f1c,Company_492,Cybersecurity,US,Pro,44.0000,6520.0000,78240.0000,431.3750,9.75416250,2511.31667500,0.39166250,1,3.000000,64.000000,1,0.00
A-13466a,Company_196,DevTools,AU,Basic,23.6667,2223.8333,26686.0000,362.5000,9.95833333,2140.62500000,0.51666667,3,4.333333,32.333333,1,6.51
A-139c3b,Company_185,HealthTech,US,Enterprise,21.7500,1128.3750,13540.5000,425.6250,11.13095000,3238.97411250,0.45000000,9,4.500000,28.444444,0,0.00
A-149a69,Company_302,DevTools,US,Basic,34.0000,2686.0000,32232.0000,564.3333,11.51270000,3358.48570000,0.53966667,8,4.200000,33.875000,1,0.00
A-151c9a,Company_260,FinTech,US,Enterprise,30.0000,2850.0000,34200.0000,917.2000,10.75236000,3566.54286000,0.42380000,2,3.500000,31.000000,1,35.60
A-157070,Company_85,FinTech,US,Pro,24.7500,1719.1250,20629.5000,571.6875,9.55679375,2501.64491875,0.34913125,3,3.000000,42.333333,1,0.00
A-158f4e,Company_180,FinTech,IN,Enterprise,61.0000,3654.9167,43859.0000,824.8333,9.33412500,2550.26925833,0.54624167,5,4.333333,27.600000,1,0.00
A-1619f8,Company_183,DevTools,US,Pro,32.7143,2827.1429,33925.7143,654.7143,10.27567143,3346.42857143,0.66394286,3,5.000000,42.000000,1,0.00
A-17939a,Company_162,HealthTech,US,Basic,28.1818,879.0000,10548.0000,448.8182,9.43528182,2664.95497273,0.88333636,7,4.500000,38.000000,0,0.00
A-180abf,Company_122,DevTools,US,Pro,64.0000,4145.7778,49749.3333,534.1111,10.45900000,2523.09612222,0.52360000,3,3.000000,36.333333,1,0.00
A-186a44,Company_101,HealthTech,US,Enterprise,22.2143,1499.2143,17990.5714,661.9286,10.53665000,3487.03613571,0.38588571,7,3.500000,38.285714,0,0.00
A-18793f,Company_488,EdTech,US,Basic,148.0000,7144.3636,85732.3636,503.4545,10.07474545,3141.49589091,0.32107273,5,3.800000,45.200000,1,25.41
A-1986ca,Company_197,HealthTech,IN,Pro,22.7143,3951.5714,47418.8571,813.5714,9.44060000,2991.02347143,0.63810000,7,3.400000,36.571429,0,0.00
A-19b2c8,Company_476,DevTools,IN,Pro,22.0769,2054.0769,24648.9231,892.8462,9.62856923,3035.88022308,0.44395385,3,4.666667,29.333333,1,0.00
A-1ac5e0,Company_126,DevTools,US,Basic,33.0000,1824.9000,21898.8000,581.7000,9.93413000,2873.40984000,0.55571000,7,3.800000,40.428571,0,0.00
A-1b707d,Company_56,Cybersecurity,US,Enterprise,16.2500,1166.5000,13998.0000,680.2500,10.45982500,3404.89807500,0.25595000,3,NULL,42.666667,1,0.00
A-1b7577,Company_39,Cybersecurity,US,Pro,17.5455,797.3636,9568.3636,474.8182,10.45274545,3210.36773636,0.51695455,5,4.000000,27.200000,0,0.00
A-1b9609,Company_5,EdTech,IN,Enterprise,19.5455,1528.1818,18338.1818,732.6364,9.99480909,3038.87705455,0.68571818,4,3.000000,43.000000,1,0.00
A-1d5444,Company_427,Cybersecurity,US,Basic,26.4286,2211.2857,26535.4286,731.5000,9.85411538,2850.09220769,0.42637692,2,4.000000,30.000000,1,0.00
A-1e1b80,Company_416,FinTech,CA,Enterprise,50.2500,4053.9167,48647.0000,811.8333,10.19560000,2764.43965000,0.63657500,6,3.200000,43.000000,1,0.00
A-1e50e0,Company_415,Cybersecurity,DE,Pro,34.8000,2659.0000,31908.0000,751.6000,9.49334000,2885.84666000,1.33332000,2,5.000000,20.500000,1,54.94
A-1e6fc3,Company_434,EdTech,FR,Pro,4.5000,111.0000,1332.0000,533.2500,9.47025000,3310.98807500,0.77380000,5,3.666667,23.800000,1,0.00
A-1f0636,Company_368,EdTech,AU,Pro,105.0000,8610.0000,103320.0000,687.1818,10.02023000,2951.87666000,0.36047000,2,3.500000,38.500000,0,0.00
A-1f0ac7,Company_3,HealthTech,UK,Basic,29.8571,1325.0000,15900.0000,750.5714,9.12518571,2494.07975714,0.46820000,2,NULL,29.000000,1,0.00
A-1f559b,Company_357,HealthTech,US,Enterprise,22.4000,1175.6000,14107.2000,647.7000,9.97333000,2765.45834000,0.72167000,5,4.200000,50.400000,1,0.00
A-1f7acb,Company_281,FinTech,UK,Basic,64.0000,5864.0000,70368.0000,815.3750,9.41118750,3132.16675000,0.90318750,7,4.400000,41.714286,0,0.00
A-202b67,Company_305,HealthTech,US,Pro,21.3333,2018.6667,24224.0000,660.1111,9.43988750,2343.73542500,0.84445000,4,4.666667,36.750000,1,69.59
A-20736a,Company_271,EdTech,IN,Enterprise,53.5714,5789.2857,69471.4286,659.8571,10.09830000,2560.99297143,0.52767143,4,3.750000,42.250000,1,64.98
A-22d9d2,Company_188,DevTools,FR,Pro,23.1429,1339.0000,16068.0000,576.1429,10.37381429,3124.96190714,0.55872143,6,4.000000,16.000000,1,0.00
A-22f2df,Company_106,DevTools,US,Basic,17.2222,827.8889,9934.6667,553.0000,10.12685556,2756.93928889,0.52684444,5,5.000000,44.800000,0,0.00
A-241e75,Company_242,EdTech,US,Enterprise,19.2000,718.8000,8625.6000,665.8000,9.61030000,3610.66350000,0.55794000,4,4.500000,31.500000,1,0.00
A-2446e3,Company_241,EdTech,IN,Pro,27.0000,3448.2857,41379.4286,704.0000,10.38208571,3184.88757143,0.68805714,3,4.000000,28.666667,1,47.06
A-249769,Company_214,Cybersecurity,US,Enterprise,13.2308,1209.0000,14508.0000,666.9231,9.82966923,2842.82490769,0.38406923,2,4.000000,39.500000,1,0.00
A-271f46,Company_84,DevTools,US,Pro,39.0000,2450.5000,29406.0000,839.0000,9.82068750,2860.57291250,0.43898750,1,NULL,36.000000,1,0.00
A-2789e3,Company_268,FinTech,US,Enterprise,18.5833,2040.7500,24489.0000,608.5000,10.44622500,3199.80615000,0.77003333,4,4.000000,47.250000,0,0.00
A-2922b6,Company_70,HealthTech,US,Basic,25.1667,1778.1667,21338.0000,469.5000,10.61823333,3181.57696667,0.33491667,2,4.000000,15.500000,1,0.00
A-296d7c,Company_182,DevTools,DE,Enterprise,10.7143,284.1429,3409.7143,715.7143,10.84862857,3874.15475714,0.50171429,5,3.750000,50.400000,1,0.00
A-297a2d,Company_448,HealthTech,UK,Pro,28.8000,2874.6000,34495.2000,841.0000,9.91666000,2751.63332000,0.88334000,2,3.000000,32.500000,0,0.00
A-2b9d3e,Company_319,EdTech,US,Enterprise,13.2222,571.3333,6856.0000,760.2222,9.66547778,3244.70356667,0.39828889,3,5.000000,34.666667,0,0.00
A-2bc93d,Company_43,HealthTech,US,Basic,29.2308,2491.8462,29902.1538,776.5385,10.27838462,3341.26053846,0.39468462,2,4.500000,12.000000,1,99.10
A-2d1036,Company_399,FinTech,US,Pro,69.0000,4973.3077,59679.6923,521.5385,10.03342308,2551.29304615,0.56455385,5,4.600000,37.800000,1,39.09
A-2d4502,Company_45,FinTech,IN,Basic,29.6000,2907.1000,34885.2000,654.1000,9.46238000,2625.27856000,0.35953000,3,5.000000,26.333333,1,0.00
A-2e3bad,Company_108,FinTech,CA,Pro,61.0000,4587.2000,55046.4000,629.9000,9.70000000,2719.64333000,0.61167000,5,3.500000,31.400000,1,0.00
A-2e4581,Company_0,EdTech,US,Basic,31.2000,1260.3000,15123.6000,587.7000,9.70881000,2725.17297000,0.86274000,2,3.000000,23.000000,1,0.00
A-2ebb4b,Company_334,HealthTech,US,Basic,43.4000,3068.8000,36825.6000,811.2000,9.75751000,2951.17001000,0.60000000,2,3.000000,43.500000,1,0.00
A-2edab2,Company_301,HealthTech,US,Enterprise,17.0000,1139.0000,13668.0000,709.8000,10.80658000,3639.82960000,0.52246000,4,3.000000,30.000000,1,168.73
A-2f6a32,Company_160,HealthTech,US,Basic,23.1818,683.0000,8196.0000,499.1818,9.73838182,3150.45872727,0.68939091,2,3.500000,41.000000,0,0.00
A-309e54,Company_371,DevTools,US,Pro,31.5455,2595.3636,31144.3636,504.6364,10.08463636,3305.59567273,0.47272727,5,3.000000,23.800000,1,106.67
A-30b4ca,Company_23,EdTech,IN,Basic,86.0000,9492.2500,113907.0000,718.6250,9.46368750,3153.62541250,0.54485000,3,4.000000,57.666667,1,0.00
A-310452,Company_321,DevTools,FR,Enterprise,17.2000,2200.6000,26407.2000,549.0000,10.82666000,2657.58000000,0.65334000,5,3.600000,34.200000,1,0.00
A-313be3,Company_136,EdTech,US,Enterprise,47.8182,1727.8182,20733.8182,718.0909,9.61297273,3048.73831818,0.65551818,4,5.000000,22.500000,1,43.03
A-31ab9a,Company_460,FinTech,DE,Pro,23.8571,2257.4286,27089.1429,695.2857,9.87074286,3591.11428571,0.64490000,7,3.500000,43.142857,1,0.00
A-32728c,Company_54,DevTools,US,Pro,22.7500,562.2500,6747.0000,846.8750,10.31755000,2742.97500000,0.55536250,2,3.500000,34.500000,1,7.58
A-328bd0,Company_237,HealthTech,AU,Enterprise,23.0000,1229.1538,14749.8462,732.5385,9.21520000,2635.98974615,0.89083846,5,3.666667,46.000000,0,0.00
A-32fb14,Company_25,DevTools,US,Enterprise,29.3333,1129.1111,13549.3333,681.3333,10.15062222,3181.03394444,0.48456667,5,4.500000,34.000000,1,0.00
A-331424,Company_246,DevTools,US,Basic,11.0000,1129.3333,13552.0000,673.0000,10.57500000,3807.83333333,0.65833333,2,NULL,24.500000,1,0.00
A-337bc1,Company_424,Cybersecurity,US,Pro,40.1429,2768.4286,33221.1429,786.8571,10.01995714,3439.19431429,0.76508571,4,4.000000,32.500000,1,0.00
A-342303,Company_294,EdTech,US,Pro,18.3333,565.0000,6780.0000,695.0000,8.65276667,1251.00000000,0.51390000,3,4.500000,29.333333,1,0.00
A-34d880,Company_207,Cybersecurity,AU,Enterprise,19.1111,2329.3333,27952.0000,645.4444,10.11402222,3075.16164444,0.78505556,5,3.000000,52.200000,1,10.40
A-34ea2f,Company_436,HealthTech,US,Enterprise,23.0000,1215.2500,14583.0000,523.8333,9.69166667,3086.99245833,0.50714167,8,3.800000,35.250000,1,1.85
A-35083d,Company_27,HealthTech,IN,Basic,25.8125,2027.0625,24324.7500,768.7500,11.04501875,3041.62284375,0.54606250,4,5.000000,49.750000,0,0.00
A-354f12,Company_201,FinTech,US,Pro,12.7500,2222.2500,26667.0000,670.0000,10.19582500,3061.24582500,0.18332500,2,NULL,56.500000,1,0.00
A-378b99,Company_60,EdTech,UK,Pro,22.6667,1009.6667,12116.0000,565.0000,9.83680833,3331.86011667,0.70287500,6,4.500000,28.500000,1,0.00
A-3793ee,Company_332,Cybersecurity,CA,Enterprise,49.0000,3815.0000,45780.0000,753.0000,9.10800000,2646.38724286,0.25851429,4,4.000000,43.750000,1,0.00
A-37f969,Company_150,HealthTech,IN,Enterprise,32.6250,2869.8750,34438.5000,831.1250,10.04836250,3227.09226250,0.28273750,5,3.666667,22.200000,1,96.45
A-3932db,Company_144,HealthTech,CA,Pro,29.8889,1565.2222,18782.6667,632.3333,9.19497778,2893.37266667,0.52460000,6,4.333333,41.000000,0,0.00
A-396e5f,Company_30,Cybersecurity,CA,Enterprise,17.6000,1023.6000,12283.2000,607.0000,9.39988000,3008.36965000,0.35953000,5,4.000000,24.800000,1,0.00
A-39868b,Company_422,FinTech,AU,Pro,10.6000,838.8000,10065.6000,699.6000,10.89572000,3843.71904000,0.73000000,6,4.250000,39.000000,1,0.00
A-39b19f,Company_176,FinTech,US,Enterprise,30.8182,1930.6364,23167.6364,721.6364,9.75000000,2466.12575455,0.78863636,6,4.250000,47.833333,1,0.00
A-39ddf4,Company_435,EdTech,US,Enterprise,40.4444,3981.7778,47781.3333,494.5556,9.89073333,3073.18518889,0.84628889,5,4.250000,23.000000,1,0.00
A-3a5ad8,Company_94,HealthTech,US,Enterprise,25.2308,2207.7692,26493.2308,748.8462,9.46612308,2349.68608462,0.37307692,4,4.500000,44.750000,0,0.00
A-3a7284,Company_93,FinTech,US,Enterprise,36.0000,2959.9167,35519.0000,425.0000,10.19276667,3075.25308333,0.49215833,3,3.500000,56.333333,1,0.00
A-3b37d9,Company_384,FinTech,US,Enterprise,23.7143,2776.4286,33317.1429,847.0000,10.69704286,2921.44715714,0.33218571,5,4.500000,36.000000,1,0.00
A-3b5cd1,Company_49,FinTech,US,Basic,20.9231,1821.2308,21854.7692,829.0000,10.01110833,3375.81825000,0.46627500,5,4.000000,27.400000,1,77.87
A-3be56b,Company_200,HealthTech,IN,Pro,22.5833,1420.0000,17040.0000,633.5833,9.41339167,3028.38422500,0.66685833,4,3.500000,40.250000,1,0.00
A-3c1a3f,Company_224,DevTools,UK,Pro,19.3333,1242.4167,14909.0000,685.6667,9.75278333,3215.85832500,0.39999167,4,3.500000,33.250000,0,0.00
A-3cc791,Company_423,EdTech,US,Enterprise,16.8750,1065.2500,12783.0000,765.0000,9.53051250,3168.93302500,0.61160000,6,4.250000,48.333333,1,0.00
A-3ce5b8,Company_256,FinTech,IN,Basic,37.3333,1850.0000,22200.0000,763.8889,10.51428889,2965.47725556,0.59258889,10,3.714286,42.500000,1,261.49
A-3d957b,Company_311,HealthTech,UK,Pro,26.3333,1975.3333,23704.0000,578.5000,9.89998000,2692.50000000,0.56668000,3,3.000000,41.333333,1,0.00
A-3f9cc0,Company_359,HealthTech,US,Basic,23.1429,2848.5714,34182.8571,720.1429,9.17267143,2547.32244286,0.76767143,5,4.500000,34.800000,1,0.00
A-40906c,Company_235,EdTech,US,Basic,92.0000,5366.6667,64400.0000,668.2500,10.84240000,3363.06567500,0.68100833,5,3.750000,29.200000,0,0.00
A-40a557,Company_86,Cybersecurity,AU,Pro,21.5556,2591.5556,31098.6667,620.8889,10.09523333,2912.18810000,0.45687778,7,3.666667,30.571429,1,0.00
A-40de06,Company_369,Cybersecurity,US,Enterprise,32.5625,1803.8750,21646.5000,766.1875,9.46670000,2940.58046875,0.43365000,3,4.000000,40.333333,0,0.00
A-410e86,Company_210,FinTech,US,Basic,25.2857,2280.0000,27360.0000,408.2857,9.86667143,3560.99047143,0.75000000,5,3.500000,42.600000,0,0.00
A-417d2f,Company_285,Cybersecurity,IN,Pro,20.5625,1433.3125,17199.7500,724.5000,10.16964375,2762.56240625,0.43770000,6,4.333333,43.500000,1,0.00
A-425e76,Company_110,DevTools,UK,Enterprise,24.4545,1555.5455,18666.5455,796.7273,9.52698000,2672.48493000,0.54128000,5,3.333333,48.200000,1,0.00
A-427b69,Company_453,FinTech,US,Basic,21.6000,1995.8000,23949.6000,545.6000,9.65432000,3159.26354000,0.49612000,2,3.000000,31.500000,0,0.00
A-42b791,Company_464,FinTech,AU,Pro,27.1429,2722.8571,32674.2857,532.0000,10.06824286,2337.13810000,0.13650000,3,4.000000,33.666667,0,0.00
A-42e5e1,Company_118,DevTools,US,Pro,18.4286,1273.7143,15284.5714,557.7143,10.20000000,2591.60067143,1.12675714,3,4.000000,29.000000,1,0.00
A-432483,Company_78,Cybersecurity,US,Pro,21.2222,2868.1111,34417.3333,643.8889,10.08553333,3547.49425556,0.56701111,1,NULL,51.000000,0,0.00
A-439b2f,Company_152,DevTools,US,Enterprise,11.0000,299.3333,3592.0000,614.6667,8.43335000,3043.14445000,0.55555000,3,NULL,18.333333,1,17.06
A-43a9e3,Company_1,FinTech,IN,Basic,22.0000,1250.5000,15006.0000,881.1250,11.14061250,2969.69270000,0.50000000,3,4.000000,38.000000,0,0.00
A-4437e4,Company_192,Cybersecurity,US,Enterprise,14.0625,1114.4375,13373.2500,714.3750,10.03526875,3185.55691875,0.55007500,6,3.000000,34.666667,1,0.00
A-443b7c,Company_280,Cybersecurity,US,Enterprise,24.6250,1503.8750,18046.5000,537.5625,9.60565000,2928.03244375,0.44315000,8,4.400000,29.250000,0,0.00
A-443f6f,Company_304,Cybersecurity,US,Basic,21.7778,1510.4444,18125.3333,497.6667,9.07688889,2609.50380000,0.44447778,4,4.666667,28.000000,0,0.00
A-44dc83,Company_35,EdTech,FR,Basic,22.7500,114.0000,1368.0000,653.0000,10.42222500,3345.50555000,0.56110000,7,4.600000,40.857143,1,98.48
A-45ce7a,Company_31,FinTech,US,Enterprise,17.1429,1173.7143,14084.5714,689.5714,11.15832857,3058.61548571,0.73055714,5,3.666667,45.400000,0,0.00
A-462d45,Company_13,Cybersecurity,US,Enterprise,37.2500,1952.6667,23432.0000,653.0833,9.31905000,2284.58303333,0.36885000,4,4.000000,26.750000,1,0.00
A-463db0,Company_16,HealthTech,US,Basic,24.8571,1895.1429,22741.7143,556.8571,9.83878571,2812.85714286,0.36938571,6,4.250000,50.166667,1,0.00
A-474ad4,Company_261,EdTech,US,Basic,16.8000,808.3333,9700.0000,691.5333,9.56412667,2983.10388667,0.65524667,3,5.000000,33.000000,0,0.00
A-4814a3,Company_337,Cybersecurity,IN,Basic,87.0000,7996.0909,95953.0909,546.9091,9.72197273,2791.23156364,0.83358182,4,4.000000,18.750000,1,0.00
A-484819,Company_109,HealthTech,US,Pro,19.5000,2575.5000,30906.0000,723.7500,10.24522857,3501.96905714,0.63808571,5,4.500000,33.200000,1,0.00
A-49b828,Company_391,FinTech,IN,Pro,19.1429,2222.0000,26664.0000,859.3571,10.50722857,2959.22730000,0.63129286,3,3.500000,13.666667,0,0.00
A-4a267b,Company_451,FinTech,US,Pro,31.3000,2968.7000,35624.4000,548.5000,9.90857000,3063.33809000,0.40012000,4,4.333333,16.250000,1,64.54
A-4a4c2d,Company_473,DevTools,US,Enterprise,54.0000,2612.7692,31353.2308,806.2308,10.01025385,2800.27756923,0.70833846,5,4.250000,42.000000,0,0.00
A-4ae22a,Company_229,EdTech,US,Pro,15.4286,1347.4286,16169.1429,560.5714,10.12925714,3955.20492857,0.86734286,3,3.000000,14.333333,1,0.00
A-4bfa33,Company_251,Cybersecurity,US,Basic,20.2857,800.8571,9610.2857,482.2857,9.21257143,2323.40170000,0.63300000,4,3.666667,16.500000,1,92.50
A-4c38bc,Company_55,HealthTech,UK,Basic,36.0000,3003.7500,36045.0000,642.9375,10.06302500,3354.00364375,0.35676875,3,3.500000,48.333333,0,0.00
A-4c56c9,Company_449,FinTech,US,Enterprise,22.3077,2343.9231,28127.0769,514.7692,9.68800769,3151.02838462,0.63690000,5,3.750000,38.600000,1,44.23
A-4c6f11,Company_146,FinTech,CA,Pro,26.8000,1517.2000,18206.4000,755.4000,11.45334000,3758.95332000,0.13334000,3,4.333333,44.666667,1,0.00
A-4d1e75,Company_58,DevTools,US,Basic,30.2308,2414.6154,28975.3846,614.6154,9.15805385,2612.71043846,0.43150769,2,4.000000,15.000000,1,0.00
A-4e0e85,Company_409,DevTools,US,Enterprise,29.2500,568.0000,6816.0000,736.0000,9.37916250,2732.52708750,0.20000000,2,5.000000,53.000000,1,0.00
A-4e44e8,Company_22,DevTools,US,Enterprise,24.8571,2603.2143,31238.5714,543.5714,10.13826429,2997.06752143,0.50034286,3,3.333333,31.333333,1,35.48
A-4e631b,Company_298,FinTech,US,Enterprise,24.0000,2218.0000,26616.0000,653.7273,10.52185455,3015.19285455,0.59416364,2,4.000000,24.500000,0,0.00
A-4e960a,Company_277,FinTech,US,Enterprise,20.5833,1995.1667,23942.0000,740.9167,10.06586667,2900.52977500,0.45813333,6,4.000000,29.166667,0,0.00
A-4ef964,Company_262,HealthTech,US,Pro,26.4444,1586.5556,19038.6667,623.1111,9.40277778,2908.72685556,0.78902222,3,4.000000,42.666667,1,0.00
A-4f18f0,Company_145,DevTools,CA,Pro,27.0833,2522.0000,30264.0000,539.0833,9.46428333,3233.97083333,0.35863333,5,4.000000,39.200000,1,0.00
A-503d5a,Company_99,FinTech,US,Enterprise,20.5833,1490.3333,17884.0000,789.8333,10.10336667,3665.65813333,0.49424167,9,4.000000,36.555556,0,0.00
A-508199,Company_208,FinTech,AU,Basic,20.6000,1687.2000,20246.4000,795.4000,9.56192000,3121.50952000,0.72382000,3,3.000000,50.666667,0,0.00
A-50bb9f,Company_373,Cybersecurity,US,Pro,23.3750,2157.8750,25894.5000,557.3750,11.76665714,3810.09048571,0.51428571,7,4.000000,33.285714,1,0.00
A-50f3f7,Company_140,HealthTech,US,Basic,39.0000,2938.4667,35261.6000,719.8000,9.62831333,2760.49110667,0.52270000,6,5.000000,37.833333,0,0.00
A-51ec1b,Company_247,DevTools,US,Enterprise,13.8333,1847.8333,22174.0000,512.1667,9.78705000,3821.62038333,0.49071667,3,5.000000,52.333333,1,0.00
A-524364,Company_388,DevTools,FR,Enterprise,31.5000,1592.0000,19104.0000,546.0000,9.12500000,2720.79166667,0.83333333,3,4.333333,47.666667,0,0.00
A-5247b3,Company_375,FinTech,UK,Pro,23.7273,1071.9091,12862.9091,656.8182,10.25158182,3093.41181818,0.43122727,5,4.000000,45.800000,1,28.84
A-526d93,Company_66,HealthTech,FR,Basic,43.8889,4355.6667,52268.0000,638.2222,10.03147778,2610.03580000,0.75493333,5,3.500000,51.400000,1,34.40
A-52dd88,Company_127,Cybersecurity,US,Pro,24.6364,1508.3636,18100.3636,842.1818,10.47980000,3709.13535455,0.58737273,1,NULL,72.000000,0,0.00
A-533452,Company_279,DevTools,AU,Pro,29.0909,1878.5455,22542.5455,522.7273,9.45573636,2654.31147273,0.73398182,4,4.000000,32.750000,1,132.32
A-53f4e3,Company_194,Cybersecurity,UK,Enterprise,25.8000,1507.2000,18086.4000,558.2000,9.41013000,2963.90833000,0.89226000,5,4.000000,28.600000,1,0.00
A-544d0a,Company_153,DevTools,US,Basic,17.1000,1849.2000,22190.4000,657.2000,11.00612222,3229.61504444,0.44621111,2,4.000000,38.500000,0,0.00
A-54d94a,Company_385,Cybersecurity,IN,Basic,34.0909,1141.5455,13698.5455,675.2727,10.02683636,3051.99155455,0.46255455,4,3.500000,53.750000,0,0.00
A-54ecc2,Company_289,Cybersecurity,US,Enterprise,13.2727,1469.8182,17637.8182,790.3636,10.90475455,3250.89015455,0.72327273,5,5.000000,37.400000,1,0.00
A-558c72,Company_438,FinTech,US,Basic,22.7143,1310.1429,15721.7143,729.8571,9.92620000,3297.06665714,0.41270000,4,4.500000,64.250000,1,43.01
A-55f257,Company_496,FinTech,US,Basic,18.8000,1213.7000,14564.4000,809.5000,8.97556000,2736.51000000,0.53333000,6,5.000000,43.166667,0,0.00
A-560d27,Company_266,DevTools,US,Pro,34.1667,3470.0833,41641.0000,595.4167,9.95218333,3054.83364167,0.58333333,4,3.666667,30.750000,0,0.00
A-56962b,Company_177,EdTech,UK,Enterprise,163.0000,7800.7143,93608.5714,573.5714,9.23571429,2885.53094286,0.84047143,4,3.000000,37.500000,1,45.83
A-5790f4,Company_446,FinTech,UK,Pro,25.6667,3154.3333,37852.0000,461.3333,9.10316667,2798.86310000,0.68135000,4,4.000000,44.000000,1,392.92
A-58b9ff,Company_425,DevTools,IN,Enterprise,20.4615,1741.6923,20900.3077,624.3077,10.20158462,2932.41928462,0.46973077,2,4.000000,66.000000,1,0.00
A-592832,Company_10,Cybersecurity,US,Basic,27.6316,1714.2632,20571.1579,507.1579,10.52847778,3250.50330556,0.57468889,3,5.000000,32.666667,1,22.66
A-59f724,Company_432,HealthTech,US,Enterprise,20.8333,814.4167,9773.0000,755.1667,10.12384167,3076.10069167,0.69166667,4,4.250000,19.250000,0,0.00
A-5a184f,Company_124,DevTools,DE,Enterprise,26.6000,2068.3000,24819.6000,809.1000,10.51203000,3129.85320000,0.56047000,3,4.333333,15.333333,1,0.00
A-5a215a,Company_358,EdTech,FR,Enterprise,87.0000,7230.6667,86768.0000,524.0000,9.95293529,3442.93164706,0.93570588,4,4.000000,29.500000,0,0.00
A-5a3eb9,Company_283,DevTools,CA,Enterprise,30.5385,1561.0000,18732.0000,727.4615,10.60375385,3199.55201538,0.44359231,3,NULL,24.000000,1,58.37
A-5a92e7,Company_413,HealthTech,US,Pro,16.2105,666.8947,8002.7368,585.5789,10.37036316,3213.93232632,0.84849474,7,4.400000,45.000000,1,0.00
A-5b051a,Company_181,Cybersecurity,US,Enterprise,22.0000,583.0000,6996.0000,461.5000,10.66072500,3163.16367500,0.88392500,1,3.000000,2.000000,0,0.00
A-5b1bcd,Company_166,DevTools,US,Pro,73.0000,8886.5333,106638.4000,769.6000,10.17398667,2939.92415333,0.60282667,4,4.500000,43.250000,1,4.45
A-5b4ebb,Company_69,Cybersecurity,UK,Basic,28.3077,2138.6923,25664.3077,585.5385,9.93394615,2830.06253846,0.33660000,5,4.750000,35.400000,0,0.00
A-5c046d,Company_130,EdTech,FR,Basic,93.0000,10485.7500,125829.0000,612.3750,10.30937500,2913.80610000,0.52098750,1,3.000000,13.000000,0,0.00
A-5c9849,Company_362,EdTech,IN,Basic,36.8889,4083.8889,49006.6667,515.6667,10.00535000,3163.58066250,0.41726250,4,NULL,59.500000,1,0.00
A-5ed98d,Company_479,DevTools,US,Basic,30.0000,1934.7500,23217.0000,636.2500,9.85775000,2862.58601250,0.50683750,5,5.000000,35.800000,1,0.00
A-5f2961,Company_284,HealthTech,US,Basic,24.4286,1471.2857,17655.4286,567.8571,9.73447143,3023.56688571,0.61417143,1,NULL,53.000000,1,6.60
A-5f7781,Company_483,DevTools,US,Pro,34.6000,2050.4000,24604.8000,636.4000,9.63334000,3984.80000000,0.53334000,2,4.000000,28.500000,1,0.00
A-5fe118,Company_374,Cybersecurity,US,Enterprise,55.8000,4458.0000,53496.0000,567.8000,10.70334000,2788.55334000,0.57666000,1,4.000000,19.000000,1,114.86
A-600734,Company_327,DevTools,US,Pro,31.3077,1394.7692,16737.2308,655.0769,9.27499231,2808.13873077,0.44945385,7,3.666667,52.571429,0,0.00
A-625d0b,Company_290,EdTech,AU,Basic,17.3636,1081.1818,12974.1818,547.0909,9.60201818,2639.53860000,0.81507273,5,3.000000,48.400000,0,0.00
A-659280,Company_417,FinTech,IN,Enterprise,24.0833,1787.5000,21450.0000,775.4167,10.08333333,3110.64166667,0.60625000,4,4.333333,8.000000,1,27.75
A-65a46c,Company_95,HealthTech,US,Pro,31.0000,2834.3750,34012.5000,677.1250,9.62381250,3171.60387500,0.49642500,8,4.000000,45.125000,0,0.00
A-65aeb5,Company_120,DevTools,US,Pro,19.7500,2866.0000,34392.0000,568.7500,9.79351667,2748.64005000,0.66921667,2,5.000000,42.500000,1,0.00
A-65c341,Company_308,FinTech,US,Pro,26.8750,3818.2500,45819.0000,550.8750,10.86517500,3803.70742500,0.48242500,5,4.000000,41.400000,1,0.00
A-66224b,Company_87,HealthTech,US,Pro,93.5833,5765.3333,69184.0000,529.0000,10.30991667,3159.10416667,0.50635000,6,3.500000,39.833333,0,0.00
A-671f31,Company_137,DevTools,US,Basic,62.8333,5064.1667,60770.0000,565.8333,9.37000000,2226.52000000,0.85000000,7,4.200000,33.000000,0,0.00
A-67be94,Company_276,EdTech,US,Enterprise,38.5714,3132.8571,37594.2857,736.1429,9.89485714,3043.11508571,0.44841429,5,4.000000,38.600000,1,74.55
A-684255,Company_20,FinTech,US,Enterprise,14.9286,846.0000,10152.0000,556.0714,9.72383571,2885.38325000,0.59074286,4,4.666667,14.250000,1,0.00
A-6843f2,Company_335,HealthTech,CA,Enterprise,21.2222,1835.5556,22026.6667,556.8889,10.05555556,2928.72067778,0.35493333,2,3.000000,36.500000,0,0.00
A-68f37c,Company_202,HealthTech,US,Basic,31.9167,2689.1667,32270.0000,738.4167,9.21676667,2898.64001667,0.80480833,5,4.000000,20.200000,1,0.00
A-692f18,Company_195,EdTech,US,Basic,15.8824,1797.0588,21564.7059,667.0000,10.02254706,3044.98186471,0.61715882,2,5.000000,37.500000,1,0.00
A-6965e1,Company_379,DevTools,US,Basic,17.5833,2313.7500,27765.0000,561.1667,10.39437500,3088.51960833,0.56250000,3,3.000000,39.000000,1,0.00
A-69b156,Company_396,EdTech,US,Pro,11.5556,1588.1111,19057.3333,573.5556,10.93297778,2727.62082222,0.42768889,7,4.000000,32.000000,0,0.00
A-69fad4,Company_103,FinTech,UK,Basic,16.0000,1245.8571,14950.2857,726.2857,10.13192857,3095.30322857,0.54654286,4,3.666667,43.000000,1,0.00
A-6a4e2d,Company_46,EdTech,UK,Pro,23.8182,944.9091,11338.9091,742.2727,10.08159091,2884.85519091,0.51277273,2,4.500000,18.500000,1,0.00
A-6a7c9d,Company_324,Cybersecurity,US,Enterprise,30.4000,2605.6000,31267.2000,460.2000,9.73000000,3365.48572000,0.52858000,3,4.000000,34.333333,1,178.84
A-6c093d,Company_12,DevTools,US,Basic,19.7500,1353.5000,16242.0000,655.7500,10.69394167,3448.45124167,0.47898333,3,5.000000,40.333333,0,0.00
A-6da850,Company_293,FinTech,IN,Pro,16.3750,1159.9375,13919.2500,652.9375,10.48826875,2767.66695625,0.79154375,5,4.000000,49.000000,1,0.00
A-6dee43,Company_478,FinTech,UK,Basic,25.5455,2070.0000,24840.0000,748.0909,9.34090909,2745.03788182,0.31060000,5,4.333333,44.200000,1,143.80
A-6e08f3,Company_220,Cybersecurity,US,Basic,17.2000,1819.0000,21828.0000,764.6000,10.09167000,3154.06417000,0.37917000,2,3.500000,36.500000,1,0.00
A-6e7827,Company_372,DevTools,US,Basic,15.1111,927.1111,11125.3333,755.5556,10.31163333,2883.62817778,0.64881111,2,3.500000,51.000000,1,0.00
A-6f50ae,Company_466,FinTech,US,Pro,21.4286,1900.5714,22806.8571,778.7143,9.69888571,2938.56135000,0.60230000,5,4.500000,31.000000,1,0.00
A-6f8ad2,Company_57,EdTech,IN,Basic,23.5882,1525.1765,18302.1176,566.8824,10.39339412,2881.18971176,0.75787647,4,4.333333,35.250000,0,0.00
A-700ade,Company_472,Cybersecurity,UK,Enterprise,20.6250,2109.3750,25312.5000,440.7500,10.03750000,2962.40000000,0.52500000,4,4.666667,30.250000,0,0.00
A-702032,Company_186,HealthTech,US,Pro,28.0000,1423.3333,17080.0000,444.8333,10.98611667,3585.52778333,0.56111667,4,3.000000,26.000000,1,10.50
A-712426,Company_155,HealthTech,US,Enterprise,22.8667,746.4667,8957.6000,495.3333,9.90436429,3259.45703571,0.39993571,6,4.400000,37.333333,1,0.00
A-712533,Company_498,EdTech,US,Pro,28.4167,1615.1667,19382.0000,772.0833,10.31110000,3398.14126667,0.63969167,5,3.750000,37.400000,1,0.00
A-712f1c,Company_331,DevTools,US,Basic,31.5833,3583.2500,42999.0000,719.5833,9.58762500,2660.82176667,0.58580833,6,4.000000,41.666667,1,68.99
A-71615e,Company_167,EdTech,US,Basic,31.9231,3131.7692,37581.2308,653.4615,10.04579231,3170.13598462,0.73749231,1,NULL,49.000000,1,0.00
A-716841,Company_437,FinTech,US,Pro,59.5000,3279.2500,39351.0000,674.3750,9.24405000,3110.42471250,0.32321250,5,4.000000,29.800000,1,0.00
A-726cfa,Company_82,DevTools,US,Pro,21.0526,1830.6316,21967.5789,766.4737,9.96826316,2841.16066316,0.37165789,3,4.000000,35.666667,1,122.11
A-72799b,Company_394,DevTools,FR,Enterprise,26.5000,1731.5000,20778.0000,737.2000,9.53027000,2575.54945000,0.66167000,2,4.500000,33.500000,1,0.00
A-751bd4,Company_408,Cybersecurity,UK,Pro,22.5000,95.0000,1140.0000,629.5000,8.00000000,3169.93750000,0.00000000,6,4.250000,23.166667,1,0.00
A-751c58,Company_393,FinTech,UK,Basic,28.5455,1781.5455,21378.5455,634.3636,10.87197273,3342.88150000,0.20130000,5,4.333333,39.600000,1,64.22
A-756192,Company_390,FinTech,IN,Basic,28.8000,2140.0000,25680.0000,724.5000,9.69540000,2912.76916000,0.63056000,3,4.000000,37.333333,0,0.00
A-7641d3,Company_429,EdTech,US,Pro,21.5455,1096.3636,13156.3636,829.4545,10.74546364,3373.60530000,0.70606364,5,4.333333,45.200000,1,96.35
A-76fa4d,Company_226,HealthTech,US,Pro,69.0000,8812.2857,105747.4286,416.0000,10.20748571,3865.37245714,0.48640000,5,4.500000,33.400000,1,31.49
A-779e4e,Company_193,HealthTech,US,Basic,28.9000,2808.1000,33697.2000,817.2000,9.10571000,2778.49618000,0.44798000,5,4.000000,26.600000,0,0.00
A-781cc0,Company_499,EdTech,US,Pro,16.5625,1144.6875,13736.2500,549.5625,9.93541875,3138.11938750,0.45245625,4,3.666667,57.500000,1,0.00
A-78f02b,Company_329,HealthTech,US,Enterprise,54.7500,3770.2500,45243.0000,577.2500,10.50832500,3192.72500000,0.70832500,4,4.000000,45.750000,1,0.00
A-7920cc,Company_412,Cybersecurity,FR,Pro,42.5000,3255.5625,39066.7500,778.2500,9.71100625,3043.15848125,0.49152500,7,4.333333,32.857143,0,0.00
A-794a0b,Company_168,HealthTech,DE,Basic,25.8571,1510.7143,18128.5714,842.4286,9.27300000,2413.52857143,0.69522857,NULL,NULL,NULL,1,0.00
A-7988d1,Company_90,Cybersecurity,US,Basic,39.5556,1188.0000,14256.0000,640.8889,10.02341111,3040.54841111,0.59008889,3,4.333333,35.333333,1,16.89
A-798a3f,Company_463,DevTools,FR,Enterprise,19.1111,1572.4444,18869.3333,623.2222,9.48890000,2794.06296667,0.57406667,5,4.000000,33.000000,1,0.00
A-7a0d69,Company_187,DevTools,DE,Enterprise,15.8182,942.0000,11304.0000,641.9091,10.19322727,3197.57437273,0.47274545,2,5.000000,29.000000,1,28.95
A-7c4956,Company_254,DevTools,US,Enterprise,15.1250,426.1250,5113.5000,623.5000,10.00892500,2610.74182500,1.07515000,3,4.000000,13.666667,0,0.00
A-7c5768,Company_407,HealthTech,UK,Enterprise,20.8889,376.5556,4518.6667,672.0000,10.08791111,3270.10828889,0.60528889,5,4.000000,28.800000,0,0.00
A-7c6b6b,Company_223,FinTech,US,Basic,14.5714,688.2857,8259.4286,402.0000,8.73525714,2437.95692857,0.64172857,5,4.333333,52.200000,1,0.00
A-7c83a1,Company_447,Cybersecurity,US,Pro,18.1667,1394.2500,16731.0000,519.2500,10.29514167,3501.09553333,0.41011667,4,4.000000,42.000000,1,0.00
A-7cfe77,Company_367,DevTools,US,Pro,69.0000,2553.0000,30636.0000,644.4000,10.61192000,3053.41428000,0.35714000,7,3.500000,30.714286,1,0.00
A-7d514c,Company_119,HealthTech,DE,Enterprise,22.2222,2697.1111,32365.3333,655.0000,10.07803333,2971.45940000,0.76178889,3,5.000000,33.333333,0,0.00
A-7da956,Company_141,Cybersecurity,US,Pro,14.9167,913.5833,10963.0000,562.8333,11.20485833,3102.67707500,0.72222500,3,5.000000,32.666667,0,0.00
A-7dacce,Company_8,Cybersecurity,CA,Enterprise,21.6000,2305.7000,27668.4000,606.3000,9.78428000,2950.00810000,0.60761000,4,3.666667,32.500000,1,0.00
A-7df7a7,Company_125,DevTools,US,Basic,19.2667,1943.6667,23324.0000,845.1333,10.02567333,2855.51986000,0.59922667,3,4.000000,28.000000,1,0.00
A-7e0a10,Company_64,FinTech,US,Enterprise,48.4000,4111.6000,49339.2000,826.7000,10.13977000,3503.28635000,0.84952000,5,4.000000,39.400000,1,0.00
A-7f29a7,Company_386,Cybersecurity,UK,Basic,41.0000,1714.5455,20574.5455,436.4545,10.22013636,2915.29964545,0.52900000,1,4.000000,24.000000,1,23.97
A-7f4db3,Company_441,FinTech,US,Pro,19.9333,1751.7333,21020.8000,738.6000,9.30438667,3132.83927333,0.50277333,5,3.250000,16.600000,1,0.00
A-7f6b86,Company_299,HealthTech,US,Basic,48.1111,2155.7778,25869.3333,710.3333,10.23545556,3491.02182222,0.31348889,7,3.666667,40.428571,1,5.27
A-7f8241,Company_42,EdTech,US,Pro,35.8667,2634.4000,31612.8000,932.8667,9.65333333,3040.74476000,0.60048000,1,3.000000,36.000000,0,0.00
A-80eeb6,Company_402,Cybersecurity,UK,Enterprise,35.4375,4280.5625,51366.7500,703.0625,9.87666667,3194.58817333,0.46770000,4,3.666667,40.250000,1,0.00
A-812c5b,Company_395,DevTools,CA,Basic,62.0000,2298.7692,27585.2308,661.0769,9.74246154,3045.05555385,0.56130000,4,4.000000,27.000000,1,11.83
A-8145a0,Company_33,Cybersecurity,AU,Basic,16.4167,1438.3333,17260.0000,782.6667,10.33532500,2875.54702500,0.44225833,6,4.000000,23.666667,1,0.00
A-81edc3,Company_236,Cybersecurity,IN,Basic,16.9167,1460.3333,17524.0000,768.0000,10.58023333,3311.23470000,0.61014167,3,4.000000,52.666667,1,10.91
A-82861f,Company_350,DevTools,UK,Basic,42.7000,4363.3000,52359.6000,510.7000,9.20190000,2555.17453000,0.78429000,5,3.200000,24.400000,1,0.00
A-82d8a6,Company_444,Cybersecurity,UK,Basic,23.3529,1645.0588,19740.7059,428.2353,9.59771765,2925.70162941,0.56601176,5,3.500000,42.200000,1,0.00
A-832ec2,Company_19,FinTech,UK,Enterprise,16.5000,1162.3750,13948.5000,770.6250,10.49465000,3232.54836250,0.49151250,3,4.000000,26.000000,1,0.00
A-84ebe4,Company_68,FinTech,US,Pro,29.6364,2544.9091,30538.9091,754.0000,9.22900000,2784.96363636,0.67716364,4,4.000000,29.500000,1,0.00
A-854864,Company_38,FinTech,IN,Enterprise,31.8333,2459.8333,29518.0000,464.0000,10.50000000,3182.48610000,0.33333333,5,4.800000,44.200000,1,8.47
A-855a48,Company_389,EdTech,US,Pro,26.7500,3797.0000,45564.0000,802.5000,10.23021250,3397.96310000,0.37962500,5,3.666667,39.600000,1,7.92
A-856b1e,Company_161,FinTech,US,Basic,24.6667,1053.5000,12642.0000,868.0000,9.75715000,2682.37461667,1.57618333,5,NULL,36.000000,0,0.00
A-86902e,Company_169,HealthTech,IN,Enterprise,36.7000,3604.1000,43249.2000,770.2000,10.11250000,3161.20778000,0.61278000,9,3.500000,40.888889,1,0.00
A-86cdb4,Company_250,DevTools,DE,Basic,13.6667,394.5556,4734.6667,467.5556,10.04630000,3337.89312222,0.44920000,5,4.333333,26.400000,0,0.00
A-86fc1d,Company_328,DevTools,UK,Basic,30.7778,1686.7778,20241.3333,486.2222,10.08148889,3032.76667778,0.69630000,5,4.000000,27.000000,1,0.00
A-87aa7b,Company_433,HealthTech,US,Pro,29.5625,1430.0625,17160.7500,676.6875,9.73660625,2802.14843750,0.48511875,3,NULL,27.333333,1,136.00
A-883b7d,Company_313,Cybersecurity,IN,Basic,35.6667,2543.6667,30524.0000,680.7500,10.11392500,2962.55426667,0.58773333,7,3.600000,25.571429,0,0.00
A-88c6ca,Company_179,FinTech,DE,Basic,16.0000,921.2857,11055.4286,577.2857,10.70000000,3291.67618571,0.39167143,1,NULL,56.000000,0,0.00
A-89ee83,Company_312,Cybersecurity,US,Pro,23.0000,2264.2727,27171.2727,478.7273,9.74329091,2835.33433636,0.57488182,5,4.000000,21.800000,0,0.00
A-8adedc,Company_300,EdTech,US,Basic,26.7143,2023.4286,24281.1429,662.8571,9.52526923,2654.91648462,0.53690000,4,4.000000,49.250000,0,0.00
A-8ae05d,Company_147,FinTech,IN,Enterprise,86.0000,3747.1429,44965.7143,583.2857,10.13094286,4143.13095714,0.41667143,1,4.000000,47.000000,1,0.00
A-8ae3fc,Company_495,DevTools,CA,Pro,27.6250,555.8750,6670.5000,642.0000,10.46220000,3233.17530000,0.71390000,4,3.500000,39.500000,1,0.00
A-8b0451,Company_245,FinTech,UK,Enterprise,41.2000,3170.9000,38050.8000,541.1000,10.33581000,3099.52127000,0.71318000,7,3.500000,26.571429,1,0.00
A-8b25f2,Company_96,Cybersecurity,US,Pro,16.0000,1080.6154,12967.3846,595.2308,10.87902308,2984.26299231,0.31794615,2,4.000000,35.500000,0,0.00
A-8bde0c,Company_287,DevTools,US,Basic,26.4444,1899.8889,22798.6667,501.2222,9.31322778,2963.89586111,0.53263333,3,4.000000,25.666667,1,0.00
A-8e47ca,Company_191,HealthTech,US,Pro,21.1111,3124.4444,37493.3333,700.4444,10.17628889,3008.73394444,0.82195556,5,4.000000,33.400000,1,0.00
A-8ed5dd,Company_222,EdTech,UK,Enterprise,12.8333,996.3333,11956.0000,764.5833,9.96643636,3190.98579091,0.85772727,6,3.750000,29.000000,1,0.00
A-902ef7,Company_270,HealthTech,US,Enterprise,83.0000,5540.2500,66483.0000,591.7500,10.28636250,3900.28333750,0.79840000,2,4.000000,48.500000,1,0.00
A-9077b0,Company_41,HealthTech,US,Basic,17.1429,509.2857,6111.4286,427.5714,10.58928571,3227.09761429,0.68808571,3,4.333333,40.333333,0,0.00
A-90a8c8,Company_249,FinTech,AU,Pro,29.5714,3787.7143,45452.5714,629.1429,9.98555714,2998.02805714,0.48384286,4,3.250000,45.000000,1,0.00
A-9123ac,Company_219,Cybersecurity,DE,Pro,16.2857,2107.2857,25287.4286,776.1429,10.65237143,3474.84287143,0.62857143,6,4.200000,38.833333,1,0.00
A-9174e0,Company_73,Cybersecurity,US,Basic,40.6000,3598.4000,43180.8000,522.4667,9.88088667,2944.36849333,0.69574000,2,5.000000,39.000000,0,0.00
A-91e948,Company_88,EdTech,AU,Basic,41.0000,3127.7143,37532.5714,874.2857,10.18571429,2711.98214286,0.32142857,NULL,NULL,NULL,0,0.00
A-9208f0,Company_79,EdTech,US,Pro,19.1250,438.8750,5266.5000,874.8750,9.93507500,3042.11181250,0.57465000,8,3.333333,41.250000,1,66.37
A-922109,Company_243,Cybersecurity,US,Pro,16.0769,1086.0000,13032.0000,642.3077,10.08653846,3396.03722308,0.44008462,3,3.000000,25.333333,1,0.00
A-9289f6,Company_104,EdTech,US,Enterprise,21.6667,1091.3333,13096.0000,701.8333,9.42262500,2994.71945000,0.62698333,6,4.333333,37.500000,1,17.93
A-92a333,Company_116,FinTech,US,Enterprise,23.5000,1776.5000,21318.0000,878.6667,10.20833333,2881.49166667,0.91250000,4,NULL,23.250000,0,0.00
A-92a3af,Company_259,Cybersecurity,IN,Enterprise,32.9091,3139.8182,37677.8182,647.0909,10.38095455,3192.78535455,0.91611818,4,4.000000,57.500000,0,0.00
A-940b8b,Company_398,HealthTech,DE,Basic,24.0000,1205.0000,14460.0000,724.6250,10.15535000,3362.76786250,0.87291250,3,4.000000,41.333333,0,0.00
A-94c3cd,Company_351,FinTech,CA,Enterprise,35.0000,1506.0000,18072.0000,682.3333,9.74761667,3305.41111667,0.60635000,4,3.500000,44.750000,0,0.00
A-94d3da,Company_61,HealthTech,US,Basic,41.0000,1889.4167,22673.0000,828.5833,9.62877500,3147.12441667,0.54661667,6,3.500000,26.833333,1,0.00
A-94f8c9,Company_51,HealthTech,US,Basic,19.8125,1999.3125,23991.7500,624.7500,9.60245625,2407.08228750,1.03823750,3,5.000000,47.333333,1,0.00
A-956988,Company_14,EdTech,UK,Enterprise,29.7692,2262.0769,27144.9231,521.3077,9.25054615,2642.63992308,0.72106154,2,3.000000,50.500000,1,0.00
A-95b24a,Company_117,FinTech,US,Pro,39.2727,2275.8182,27309.8182,890.9091,10.05930000,3145.25584545,0.52392727,5,4.250000,21.200000,0,0.00
A-96215d,Company_318,FinTech,US,Enterprise,14.6667,1718.6667,20624.0000,643.1667,11.16270000,3293.77380000,0.53175000,1,3.000000,25.000000,0,0.00
A-96bbc6,Company_342,Cybersecurity,US,Enterprise,44.2500,3803.2500,45639.0000,662.1250,9.71711250,3061.37173750,0.45000000,3,3.333333,51.333333,1,125.60
A-96e141,Company_134,DevTools,UK,Basic,24.5714,2209.7143,26516.5714,702.5714,9.44864286,2403.91791429,0.56938571,5,4.333333,32.800000,1,43.53
A-970c97,Company_477,HealthTech,DE,Enterprise,19.8750,1922.6250,23071.5000,610.3750,10.16696250,3050.09002500,0.51933750,1,5.000000,61.000000,0,0.00
A-9779ad,Company_171,Cybersecurity,AU,Pro,40.0000,5168.0000,62016.0000,687.9000,9.60191000,2489.65119000,0.54214000,3,5.000000,20.666667,1,0.00
A-977ca0,Company_232,HealthTech,IN,Basic,24.8125,1878.4375,22541.2500,846.1875,10.69821250,2894.00700000,0.54746875,3,4.000000,64.000000,0,0.00
A-98a59a,Company_80,FinTech,UK,Enterprise,65.2000,3645.6000,43747.2000,825.2000,10.29571000,2857.36214000,0.43214000,3,4.500000,37.333333,1,0.00
A-993085,Company_258,HealthTech,US,Basic,33.6667,3230.4000,38764.8000,817.5333,9.18794000,2848.98579333,0.66865333,4,3.500000,46.500000,1,0.00
A-9a532a,Company_333,HealthTech,US,Enterprise,29.2500,2736.2500,32835.0000,644.5000,10.06667500,3902.80000000,0.95832500,2,NULL,57.500000,0,0.00
A-9affe6,Company_401,Cybersecurity,US,Pro,19.4545,966.9091,11602.9091,767.5455,10.16817273,3202.72880000,0.35910000,3,3.000000,58.000000,1,83.06
A-9b9fe9,Company_71,EdTech,AU,Basic,27.5833,1643.7500,19725.0000,706.1667,10.21211818,3439.58839091,0.44696364,4,4.000000,33.500000,1,27.92
A-9badbd,Company_63,Cybersecurity,DE,Enterprise,34.9231,2498.2308,29978.7692,549.4615,10.42652308,3206.12053846,0.57151538,5,5.000000,30.200000,0,0.00
A-9bfc9f,Company_228,DevTools,CA,Pro,53.7778,1704.6667,20456.0000,747.2222,10.24471111,3112.24206667,0.54101111,6,3.333333,35.333333,0,0.00
A-9c18c4,Company_481,HealthTech,US,Pro,12.8000,1782.3000,21387.6000,715.5000,9.80000000,3198.15500000,0.63167000,4,4.000000,42.250000,0,0.00
A-9ee962,Company_59,HealthTech,US,Basic,15.3333,1046.6667,12560.0000,732.8889,11.13183750,3448.60327500,0.42857500,3,4.000000,37.000000,1,0.00
A-9f0b68,Company_489,EdTech,US,Basic,20.0000,2376.5000,28518.0000,662.0000,10.14514167,2734.22808333,0.41925833,3,3.000000,30.333333,1,0.00
A-9f2731,Company_24,FinTech,IN,Enterprise,24.0000,516.1429,6193.7143,603.4286,9.67601429,2857.77720000,0.50510000,NULL,NULL,NULL,1,136.94
A-9f9299,Company_133,FinTech,US,Enterprise,30.4667,2826.8667,33922.4000,612.1333,9.89586667,2917.19396667,0.64936000,5,5.000000,36.200000,1,0.00
A-a09355,Company_459,FinTech,US,Basic,17.7500,2133.7500,25605.0000,570.1250,10.15726875,2897.00036875,0.69946250,5,4.000000,32.600000,1,135.11
A-a0ca4e,Company_6,Cybersecurity,US,Pro,19.5556,1848.1111,22177.3333,688.6667,9.55625000,3096.65000000,0.36562500,6,3.800000,39.166667,0,0.00
A-a1b80b,Company_184,HealthTech,US,Basic,21.8125,2161.8125,25941.7500,684.0000,10.52365625,3207.96517500,0.68481250,4,4.000000,41.000000,1,12.99
A-a1bbb6,Company_74,DevTools,CA,Basic,14.1250,1800.2500,21603.0000,878.6250,10.19583750,3535.14405000,0.59107500,3,4.000000,17.666667,0,0.00
A-a2485e,Company_467,FinTech,US,Pro,22.5000,1462.5000,17550.0000,637.6667,11.12500000,3608.68056667,0.51390000,NULL,NULL,NULL,0,0.00
A-a33200,Company_352,HealthTech,US,Basic,31.4167,2409.4167,28913.0000,554.9167,9.23413333,2710.77797500,0.44533333,3,4.500000,36.333333,1,21.61
A-a45270,Company_37,HealthTech,US,Enterprise,23.2500,1677.5833,20131.0000,600.1667,10.35730833,3035.04050833,0.75594167,4,4.000000,64.000000,1,0.00
A-a6d261,Company_303,FinTech,CA,Pro,23.4286,2727.9286,32735.1429,741.0714,9.97565000,3113.15811429,0.42587143,4,4.666667,40.000000,1,99.94
A-a7bd4b,Company_363,Cybersecurity,US,Enterprise,17.4545,569.8182,6837.8182,715.3636,10.92315455,2957.47132727,0.69697273,6,3.250000,36.833333,1,0.00
A-a865bd,Company_297,Cybersecurity,US,Pro,47.6000,4204.4000,50452.8000,783.6000,9.53166000,2775.57000000,0.44500000,2,3.000000,31.500000,1,0.00
A-a8b49c,Company_72,Cybersecurity,UK,Basic,14.8333,963.9167,11567.0000,822.8333,10.21203333,3413.38704167,0.80740833,1,4.000000,72.000000,1,0.00
A-a8d89d,Company_326,EdTech,US,Pro,22.2500,2443.3333,29320.0000,701.5000,9.98257500,3265.27546667,0.38275000,2,5.000000,44.500000,1,0.00
A-aa9511,Company_203,DevTools,US,Pro,34.0000,4064.6667,48776.0000,687.6000,9.60904000,2978.47253333,0.50174667,2,4.000000,56.500000,1,0.00
A-ab438f,Company_233,Cybersecurity,US,Enterprise,32.6250,2044.7500,24537.0000,379.2500,10.49017500,3277.75907500,0.38661250,2,3.500000,33.500000,1,0.00
A-ac14bb,Company_15,FinTech,US,Enterprise,31.2500,3468.2500,41619.0000,701.8750,9.80982500,3124.63905000,0.75725000,2,4.000000,24.500000,1,128.79
A-ac85cd,Company_485,EdTech,US,Enterprise,56.3333,3438.9167,41267.0000,461.3333,10.23034167,2903.14086667,0.43016667,3,3.500000,33.666667,1,102.39
A-ac9111,Company_487,HealthTech,US,Pro,26.6250,1664.1250,19969.5000,656.1250,9.27984375,2998.76736250,0.55523125,3,5.000000,24.666667,1,0.00
A-acb7f7,Company_330,EdTech,US,Basic,33.3333,2714.5000,32574.0000,747.5833,10.18402500,3103.81180833,0.63391667,3,3.500000,41.000000,1,0.00
A-ad296b,Company_112,DevTools,AU,Pro,38.0000,3071.6667,36860.0000,554.1667,8.83015000,3188.05635000,0.59763333,3,3.666667,28.333333,0,0.00
A-ad3abd,Company_410,FinTech,US,Pro,44.0000,2413.7143,28964.5714,626.1429,9.83334286,3090.53400000,0.24830000,3,3.000000,13.000000,1,0.00
A-ad64c6,Company_175,DevTools,UK,Pro,24.3333,2451.3333,29416.0000,605.1667,10.20952000,3480.06192000,0.92382000,4,5.000000,34.000000,1,19.08
A-adc1f3,Company_98,Cybersecurity,US,Pro,17.5556,2956.4444,35477.3333,538.5556,9.22916250,3282.84201250,0.73090000,3,3.500000,47.333333,0,0.00
A-ae052e,Company_132,FinTech,CA,Basic,39.1667,1282.1667,15386.0000,397.3333,10.08928333,2961.43571667,0.64465000,4,4.000000,31.250000,1,0.00
A-af0cd2,Company_204,Cybersecurity,IN,Enterprise,25.8182,587.2727,7047.2727,824.7273,9.85757273,3189.28586364,0.47903636,3,NULL,54.333333,1,0.00
A-afa505,Company_157,DevTools,US,Basic,70.0000,7334.4444,88013.3333,672.4444,9.79567778,3157.36420000,0.62654444,4,3.000000,37.250000,1,0.00
A-b07346,Company_269,HealthTech,US,Pro,51.0000,6283.2000,75398.4000,572.0000,9.64834000,3085.22500000,0.77334000,3,3.500000,42.333333,1,0.00
A-b07b56,Company_292,DevTools,US,Pro,26.3333,1132.2667,13587.2000,535.6667,9.89381333,2865.50094667,0.65714667,4,3.000000,31.250000,1,0.00
A-b11cd0,Company_439,DevTools,US,Pro,27.6667,801.0000,9612.0000,757.3333,9.78215000,2826.36270000,0.54761667,4,4.000000,38.500000,0,0.00
A-b179bf,Company_348,Cybersecurity,IN,Basic,43.0000,3586.2000,43034.4000,572.2000,10.20238000,2800.25000000,0.45620000,6,4.000000,24.666667,1,0.00
A-b20d99,Company_29,HealthTech,IN,Basic,23.0000,1581.2857,18975.4286,749.1429,10.56010000,3145.50340000,0.35032857,2,3.500000,61.500000,1,0.00
A-b2225d,Company_50,FinTech,US,Basic,47.2500,1590.6667,19088.0000,685.9167,9.58452500,3141.10035833,0.91455000,2,3.000000,42.000000,1,0.00
A-b2af2e,Company_227,Cybersecurity,UK,Enterprise,22.0000,778.0000,9336.0000,628.7500,9.67707500,3287.80207500,0.77707500,2,4.000000,39.500000,1,0.00
A-b30291,Company_344,HealthTech,US,Basic,16.0000,537.5000,6450.0000,636.0000,10.78749000,3449.51167000,0.49726000,1,NULL,16.000000,1,277.54
A-b3fe05,Company_238,Cybersecurity,CA,Pro,26.2222,2721.5556,32658.6667,570.7778,10.75397778,3449.08730000,0.33333333,4,3.000000,48.250000,0,0.00
A-b44e3e,Company_383,Cybersecurity,UK,Basic,45.5714,6217.2857,74607.4286,666.7143,10.08078571,3217.43708571,0.37840000,3,4.333333,40.000000,1,0.00
A-b48f73,Company_225,EdTech,AU,Pro,80.0000,4045.7143,48548.5714,570.7143,9.45460000,2753.46701429,0.57381429,3,4.000000,28.666667,0,0.00
A-b54c01,Company_354,DevTools,US,Enterprise,29.0000,848.2500,10179.0000,601.0000,9.87260000,2777.80475000,0.76427500,5,3.000000,42.600000,1,0.00
A-b7724f,Company_320,HealthTech,UK,Basic,21.0000,402.7500,4833.0000,482.0000,10.20625000,2347.94583750,0.36458750,3,3.000000,28.666667,1,111.42
A-b78bf8,Company_148,DevTools,US,Pro,35.0000,2802.8750,33634.5000,571.8750,10.01091250,3066.75148750,0.23710000,5,4.200000,24.200000,1,0.00
A-b7b7b7,Company_338,FinTech,US,Basic,31.2500,2379.8333,28558.0000,641.5000,10.38908333,3038.75595000,0.54305000,3,5.000000,17.000000,0,0.00
A-b7ef83,Company_474,Cybersecurity,UK,Pro,20.8000,2391.2000,28694.4000,622.5333,10.12349333,2844.33126667,0.51159333,2,4.000000,47.500000,1,60.25
A-b9eed8,Company_189,Cybersecurity,US,Basic,15.7273,1507.0000,18084.0000,685.7273,10.13484545,2866.45000000,0.94697273,5,3.750000,29.200000,1,0.00
A-b9f5b1,Company_494,Cybersecurity,US,Pro,26.2857,1010.2857,12123.4286,725.7143,10.66665714,2806.44217143,0.50680000,6,3.333333,31.833333,1,0.00
A-ba6516,Company_154,FinTech,US,Pro,30.6154,2183.0000,26196.0000,758.0769,10.73889167,3536.92592500,0.64258333,6,4.000000,31.500000,1,0.00
A-bad8c1,Company_34,FinTech,AU,Basic,31.8571,1113.8571,13366.2857,924.0000,10.65000000,3479.19642857,0.30120000,1,4.000000,27.000000,1,0.00
A-bb1486,Company_265,HealthTech,US,Basic,47.8750,2038.3750,24460.5000,506.1250,9.39236250,2833.68541250,0.75695000,3,3.000000,11.000000,1,0.00
A-bb1eaa,Company_468,Cybersecurity,US,Basic,21.8000,2076.2000,24914.4000,674.0000,9.74000000,2692.59334000,0.43334000,6,4.500000,23.500000,1,0.00
A-bb2f49,Company_356,Cybersecurity,US,Pro,29.8182,2180.9091,26170.9091,764.8182,10.48592727,3260.47078182,0.76796364,3,4.000000,22.333333,0,0.00
A-bb3bd4,Company_340,HealthTech,US,Basic,23.0000,1064.5714,12774.8571,686.2857,10.55635000,2975.80000000,0.37856667,11,4.142857,32.727273,1,0.00
A-bbc346,Company_138,FinTech,US,Enterprise,25.7692,2547.8462,30574.1538,522.4615,10.67970769,3022.05850769,0.52166923,3,4.500000,45.333333,1,15.46
A-bbe56f,Company_406,HealthTech,US,Enterprise,21.2000,1205.0000,14460.0000,861.8000,11.00476000,3434.15142000,0.30000000,4,4.000000,26.250000,0,0.00
A-bc4d48,Company_343,EdTech,US,Pro,35.0000,1770.0000,21240.0000,672.5714,10.01665714,2729.33332857,0.31904286,6,4.200000,41.166667,0,0.00
A-bc87bc,Company_456,FinTech,US,Pro,12.6250,1504.0000,18048.0000,444.5000,10.67292500,3787.12916250,0.32291250,7,3.750000,40.571429,0,0.00
A-bcbe98,Company_452,Cybersecurity,US,Enterprise,46.0000,1969.6364,23635.6364,631.2727,9.85021818,2684.79923636,0.73766364,7,4.000000,38.285714,1,0.00
A-bcf664,Company_248,DevTools,US,Pro,22.6923,1056.0000,12672.0000,771.5385,10.63040769,3387.07343846,0.50530000,5,4.000000,36.000000,1,75.32
A-bcf87c,Company_288,FinTech,US,Pro,20.0909,1979.0909,23749.0909,512.3636,9.55707273,2730.44393636,0.37626364,2,4.000000,63.000000,0,0.00
A-bd4513,Company_205,DevTools,AU,Enterprise,51.3333,4350.3333,52204.0000,479.4167,10.09166667,3206.66665833,0.60902500,3,4.666667,42.000000,1,35.14
A-bd4708,Company_257,FinTech,US,Pro,41.1538,2998.0769,35976.9231,620.8462,10.09102308,3164.33066923,0.54642308,4,3.500000,24.000000,0,0.00
A-bece89,Company_128,Cybersecurity,IN,Pro,28.3333,3208.3333,38500.0000,808.5000,9.25555000,2708.60000000,0.58888333,4,4.000000,32.500000,1,56.15
A-bf7919,Company_426,HealthTech,US,Pro,9.8333,260.0000,3120.0000,465.8333,10.74683333,3492.00316667,0.62143333,2,5.000000,14.500000,1,0.00
A-c16101,Company_139,EdTech,IN,Basic,15.8000,1242.2000,14906.4000,621.4000,10.30310000,3483.83536000,0.46488000,4,5.000000,28.000000,1,0.00
A-c16b88,Company_431,HealthTech,US,Enterprise,27.2222,2259.7778,27117.3333,613.7778,9.47751111,3232.38822222,0.50264444,3,3.000000,48.333333,1,0.00
A-c16cf7,Company_377,EdTech,US,Pro,24.4000,1227.4000,14728.8000,531.9000,10.36583000,2632.05083000,0.42429000,3,3.500000,48.333333,1,0.00
A-c1dfe1,Company_53,DevTools,DE,Pro,28.7500,3223.7500,38685.0000,707.1250,9.49305000,3139.27257500,0.72742500,3,4.000000,50.333333,1,0.00
A-c1e51e,Company_173,FinTech,US,Basic,23.5000,2390.5000,28686.0000,413.8000,10.39223000,3237.60056000,0.58278000,5,3.200000,40.000000,1,0.00
A-c222ab,Company_206,Cybersecurity,US,Pro,32.0000,2665.1429,31981.7143,538.7143,9.53107143,3016.50668571,0.78695714,4,5.000000,39.000000,1,27.62
A-c37601,Company_48,EdTech,US,Basic,15.9167,1706.2500,20475.0000,477.5000,10.75000000,2985.66666364,0.38257273,4,3.666667,42.250000,1,0.00
A-c37cab,Company_278,Cybersecurity,UK,Pro,26.3333,2452.7500,29433.0000,533.8333,9.97380833,2738.91091667,0.68005833,4,3.750000,33.000000,1,4.03
A-c42f1f,Company_21,HealthTech,US,Pro,13.1250,646.8750,7762.5000,539.1250,9.80416250,2992.65000000,0.58333750,9,4.000000,31.333333,0,0.00
A-c43359,Company_83,FinTech,US,Pro,38.0000,1539.0000,18468.0000,429.2500,9.63601250,3140.96101250,0.68155000,3,4.000000,26.666667,1,8.92
A-c45b23,Company_75,FinTech,UK,Basic,10.9167,708.6667,8504.0000,687.0833,9.91388333,3109.91805000,0.51389167,3,3.000000,36.666667,1,0.00
A-c4ea60,Company_18,FinTech,DE,Enterprise,25.7778,1627.3333,19528.0000,778.2222,9.83888889,3180.47222222,0.38147778,5,3.600000,36.000000,0,0.00
A-c58f49,Company_480,EdTech,US,Enterprise,70.0000,10140.0000,121680.0000,626.8571,9.20834286,3046.44421429,0.59898571,3,5.000000,36.333333,1,152.36
A-c608c8,Company_199,DevTools,DE,Pro,17.0000,1189.2500,14271.0000,752.1250,10.16071250,3255.89807500,0.56845000,2,3.000000,59.000000,1,0.00
A-c62e55,Company_315,EdTech,US,Basic,23.1111,1322.4444,15869.3333,795.6667,10.69814444,2923.34074444,0.41482222,4,4.000000,27.500000,0,0.00
A-c70870,Company_253,Cybersecurity,US,Basic,61.5714,5659.1429,67909.7143,569.4286,9.78418571,2969.07874286,0.60187143,5,4.000000,35.600000,1,0.00
A-c7e58b,Company_404,HealthTech,IN,Pro,10.2857,769.1429,9229.7143,796.8571,10.15238571,3289.06428571,0.50078571,5,3.500000,30.600000,0,0.00
A-c7ffc2,Company_392,Cybersecurity,US,Pro,42.3333,3009.3333,36112.0000,857.8333,10.36994167,3389.82122500,0.36865000,2,3.000000,64.000000,1,174.92
A-c9bb3e,Company_336,EdTech,US,Pro,28.1000,1521.7000,18260.4000,618.2000,10.15976000,3700.47620000,0.49357000,7,4.200000,27.714286,1,0.00
A-cab532,Company_218,DevTools,FR,Pro,24.0000,1339.2000,16070.4000,772.7333,9.80222000,2572.62928000,0.41638000,1,4.000000,32.000000,1,0.00
A-cb5333,Company_370,DevTools,US,Pro,35.0625,1641.0000,19692.0000,658.9375,9.59166875,3144.48512500,0.42150625,4,3.000000,30.750000,1,0.00
A-cb6cc6,Company_419,DevTools,US,Basic,14.8571,374.5714,4494.8571,879.4286,8.77738571,2778.92738571,0.76190000,3,3.500000,16.333333,0,0.00
A-cbbe12,Company_450,Cybersecurity,DE,Enterprise,41.5000,2180.1667,26162.0000,639.5000,7.86111667,2233.36111667,0.48888333,6,4.250000,38.000000,0,0.00
A-cbd1a3,Company_325,DevTools,US,Basic,17.7000,1635.1000,19621.2000,569.6000,10.40596000,2821.41191000,0.71000000,4,4.000000,34.500000,0,0.00
A-cc102e,Company_443,HealthTech,US,Enterprise,17.0000,1006.3000,12075.6000,590.6000,9.31833000,2765.56000000,0.84000000,4,4.333333,33.250000,1,61.10
A-cc1d8d,Company_440,FinTech,US,Pro,17.2308,688.2308,8258.7692,558.6923,9.77920769,3183.41510769,0.71776923,5,4.500000,30.200000,1,217.22
A-cc8c8f,Company_482,DevTools,US,Enterprise,27.2857,2228.5714,26742.8571,546.1429,9.67381429,2499.20237143,0.65475714,2,3.500000,14.500000,1,0.00
A-cc98bc,Company_469,DevTools,US,Basic,36.7000,2156.7000,25880.4000,871.1000,10.44500000,3070.65167000,0.46333000,3,4.000000,4.666667,0,0.00
A-ccabf0,Company_471,HealthTech,IN,Pro,18.6000,2237.9000,26854.8000,712.9000,10.14166000,3128.28611000,0.56388000,4,3.666667,46.250000,1,0.00
A-ccb686,Company_491,DevTools,US,Basic,22.9167,1795.0833,21541.0000,672.9167,10.26321667,2866.29117500,0.55175833,1,4.000000,67.000000,1,25.92
A-ccc747,Company_339,HealthTech,FR,Pro,20.6667,802.0000,9624.0000,594.3333,9.70536667,3233.48511667,0.42858333,4,5.000000,32.250000,1,104.25
A-cd458b,Company_430,DevTools,US,Basic,23.2667,2886.0667,34632.8000,591.6000,10.23838000,3176.49236000,0.51521333,5,4.600000,38.400000,1,0.00
A-cdf020,Company_345,DevTools,AU,Pro,31.3750,2259.0000,27108.0000,542.8750,9.63646250,3128.78021250,0.41978750,4,4.000000,29.500000,1,105.26
A-ce550d,Company_4,HealthTech,US,Enterprise,47.1111,5417.8889,65014.6667,458.5556,9.64285556,3641.10741111,0.55133333,7,3.800000,42.285714,1,0.00
A-ce66f8,Company_17,EdTech,CA,Pro,30.3333,1976.3333,23716.0000,788.0000,10.76090000,2930.34193333,0.42130000,6,3.500000,41.666667,0,0.00
A-cea1f0,Company_273,FinTech,US,Pro,15.2000,1224.4000,14692.8000,650.0000,10.63095000,2828.56143000,0.55713000,5,4.333333,42.200000,0,0.00
A-ced9aa,Company_310,DevTools,US,Enterprise,7.0909,568.3636,6820.3636,475.8182,9.95779091,3067.56503636,0.87088182,7,3.000000,28.857143,0,0.00
A-d26ab4,Company_497,DevTools,UK,Basic,22.4444,1845.8889,22150.6667,515.4444,9.86110000,2629.36296667,0.57222222,2,4.000000,49.500000,1,86.02
A-d27f50,Company_163,Cybersecurity,UK,Enterprise,44.4167,3734.5833,44815.0000,468.0000,9.84950833,3315.10585833,0.56924167,4,3.750000,37.500000,0,0.00
A-d3c88e,Company_490,DevTools,US,Pro,19.9231,2014.0769,24168.9231,580.9231,10.44909231,3612.49533077,0.74066154,3,4.000000,58.000000,1,0.00
A-d40bf7,Company_11,FinTech,IN,Basic,59.0000,4324.7000,51896.4000,567.7000,10.26167000,2749.16500000,0.39000000,2,5.000000,20.500000,0,0.00
A-d42431,Company_378,FinTech,FR,Enterprise,31.1111,2351.1111,28213.3333,593.0000,9.70647778,2859.83425556,0.80833333,4,4.000000,24.250000,1,17.42
A-d49cc5,Company_275,Cybersecurity,FR,Basic,53.1250,1665.6250,19987.5000,721.2500,10.40996250,3428.04762500,0.82142500,4,4.500000,32.000000,1,0.00
A-d4ac0e,Company_364,DevTools,UK,Basic,29.4737,1450.3684,17404.4211,640.7895,9.56866842,2834.79674211,0.73201579,4,3.500000,21.000000,0,0.00
A-d4e0d4,Company_403,FinTech,US,Basic,117.0000,13806.0000,165672.0000,535.4000,10.11333000,3119.81084000,0.70250000,4,4.000000,39.250000,0,0.00
A-d535f6,Company_421,DevTools,US,Basic,22.0000,823.8889,9886.6667,602.8889,10.13774444,3015.59030000,0.70477778,NULL,NULL,NULL,1,0.00
A-d5a319,Company_158,FinTech,US,Enterprise,24.4167,3153.9167,37847.0000,833.4167,10.01388333,3482.15416667,0.68264167,1,4.000000,17.000000,0,0.00
A-d62e02,Company_420,Cybersecurity,US,Pro,15.6000,2132.4000,25588.8000,596.3000,9.38166000,3462.70667000,0.88333000,1,4.000000,36.000000,0,0.00
A-d77f4c,Company_470,DevTools,US,Pro,23.9286,3480.4286,41765.1429,665.6429,10.16921429,3217.03614286,0.40645714,2,4.000000,31.000000,1,0.00
A-d792a6,Company_486,DevTools,US,Enterprise,18.7333,1536.6000,18439.2000,930.8000,10.08095333,2879.20364667,0.58555333,5,4.000000,40.600000,1,0.00
A-d82ef9,Company_355,EdTech,UK,Basic,30.2143,1023.3571,12280.2857,607.2143,10.35178571,2710.15020000,0.75694286,5,4.250000,39.800000,1,74.94
A-d922bf,Company_221,HealthTech,US,Basic,18.8571,2444.8571,29338.2857,683.4286,10.24167143,3342.43095714,0.48808571,7,3.333333,39.142857,1,11.13
A-db5e9e,Company_442,DevTools,US,Basic,21.5000,1156.3750,13876.5000,499.0000,10.31372500,2939.75668750,0.49107500,2,5.000000,66.000000,1,0.00
A-dbc825,Company_252,EdTech,FR,Enterprise,27.1875,2650.2500,31803.0000,589.5625,9.86136875,3061.69444375,0.78486875,6,4.000000,49.500000,1,0.00
A-dcc2f0,Company_309,FinTech,UK,Basic,18.0667,1166.2000,13994.4000,743.1333,10.91195333,2952.38374000,0.25976000,2,NULL,27.000000,1,0.00
A-dcc3f1,Company_314,HealthTech,US,Pro,25.5000,1593.3750,19120.5000,739.7500,10.34375000,2963.45580000,0.70982500,9,3.800000,35.666667,1,0.00
A-de24d5,Company_231,DevTools,US,Enterprise,20.9231,1640.5385,19686.4615,530.5385,10.24273846,2359.66581538,0.57521538,7,3.000000,43.142857,0,0.00
A-de58ca,Company_212,HealthTech,DE,Enterprise,38.1818,2173.1818,26078.1818,810.1818,10.51082727,3116.14730000,0.67347273,5,3.333333,30.600000,0,0.00
A-dec005,Company_445,HealthTech,US,Pro,25.8000,3074.4000,36892.8000,683.6000,9.48834000,2818.55417000,0.88167000,2,3.000000,59.000000,1,0.00
A-df10db,Company_143,DevTools,US,Enterprise,17.0909,1066.3636,12796.3636,790.5455,10.60681818,3253.99253636,0.70345455,2,3.000000,68.500000,1,0.00
A-df1e44,Company_323,Cybersecurity,UK,Enterprise,23.3636,1191.5455,14298.5455,652.5455,9.92500000,2734.31111000,0.32111000,2,5.000000,53.000000,1,0.00
A-dfbd31,Company_190,DevTools,UK,Enterprise,25.9286,1791.3571,21496.2857,719.0714,10.99812143,3359.36479286,0.38945714,6,4.250000,29.666667,1,0.00
A-e08cd3,Company_475,FinTech,US,Pro,67.0000,6456.3636,77476.3636,550.7273,9.55429000,2962.72905000,0.51167000,8,4.000000,30.375000,1,0.00
A-e1462e,Company_217,FinTech,UK,Basic,23.2857,1718.5714,20622.8571,887.1429,9.83808571,2835.56665714,0.62380000,2,3.500000,39.500000,1,0.00
A-e19ff6,Company_411,Cybersecurity,UK,Enterprise,16.8333,409.1667,4910.0000,765.0833,10.43195000,3652.34721667,0.50833333,3,4.666667,30.666667,1,0.00
A-e1b9cd,Company_484,DevTools,US,Pro,46.5333,2469.4667,29633.6000,735.2667,10.40214667,3057.43896667,0.46214000,1,3.000000,35.000000,1,0.00
A-e2cd1b,Company_121,DevTools,US,Enterprise,33.5556,1394.2222,16730.6667,688.2222,9.22222222,2695.79154444,0.36825556,5,4.000000,37.800000,0,0.00
A-e351e1,Company_62,EdTech,US,Enterprise,33.0000,699.6000,8395.2000,502.8000,10.07444000,3611.20556000,0.72888000,4,3.750000,17.000000,1,113.84
A-e36807,Company_164,EdTech,AU,Pro,31.6000,1256.9000,15082.8000,587.7000,9.38583000,2986.71168000,0.63917000,2,4.500000,41.000000,0,0.00
A-e3bd71,Company_347,Cybersecurity,US,Basic,40.8182,3784.5455,45414.5455,746.8182,10.53787273,2969.90657273,0.50378182,4,4.000000,30.250000,1,0.00
A-e40f45,Company_317,HealthTech,US,Pro,25.1429,1689.2857,20271.4286,636.4286,9.05922857,2681.04541429,0.61590000,7,4.333333,26.714286,1,101.23
A-e4144b,Company_316,EdTech,UK,Pro,44.8000,3542.4000,42508.8000,572.5000,10.43167000,3408.63417000,0.39250000,3,4.000000,57.000000,0,0.00
A-e43bf7,Company_215,Cybersecurity,AU,Pro,47.7143,6666.5714,79998.8571,854.0000,9.46405714,2534.89127143,0.86350000,5,4.000000,27.400000,1,0.00
A-e4bf56,Company_272,HealthTech,IN,Pro,23.4286,2703.7143,32444.5714,490.0000,10.46905714,3468.11547143,0.41667143,8,3.666667,29.125000,0,0.00
A-e51ec7,Company_113,FinTech,CA,Enterprise,16.7500,3009.5000,36114.0000,654.1250,10.43870000,3162.27003750,0.45792500,3,5.000000,37.000000,1,0.00
A-e5d6ab,Company_7,EdTech,US,Pro,18.9000,1304.8000,15657.6000,802.6000,9.08953000,2516.04787000,0.60738000,3,NULL,42.666667,1,0.00
A-e60f9d,Company_178,FinTech,US,Basic,36.1333,3387.8000,40653.6000,515.0667,9.72592667,2456.00704000,0.34407333,2,NULL,70.500000,0,0.00
A-e61e98,Company_115,FinTech,US,Enterprise,26.4444,1498.2222,17978.6667,838.2222,9.27870000,2145.82314444,0.44814444,6,4.600000,30.333333,1,0.00
A-e693b6,Company_240,FinTech,AU,Enterprise,55.0000,2846.2500,34155.0000,661.0000,11.01355833,3420.91938333,0.41620833,1,3.000000,1.000000,1,0.00
A-e6afc1,Company_346,DevTools,US,Pro,30.4545,2052.9091,24634.9091,895.4545,9.63856364,3004.78834545,0.39528182,NULL,NULL,NULL,0,0.00
A-e7a1e2,Company_295,Cybersecurity,US,Enterprise,13.9167,1670.1667,20042.0000,567.0833,10.31871818,3189.01678182,0.50108182,1,4.000000,45.000000,1,6.20
A-e7beab,Company_458,EdTech,DE,Enterprise,25.1429,1618.8571,19426.2857,499.1429,10.34081429,3487.01327143,0.43367143,6,4.000000,36.666667,1,0.00
A-e83938,Company_111,DevTools,UK,Pro,16.2500,937.8750,11254.5000,714.1250,8.42083750,2932.15833750,0.69791250,4,3.000000,31.000000,1,13.50
A-e888d1,Company_102,Cybersecurity,US,Pro,22.7273,1240.5455,14886.5455,713.7273,10.41496000,3151.30111000,0.76627000,5,4.000000,43.000000,1,6.38
A-e89151,Company_234,FinTech,UK,Pro,19.5556,2414.8889,28978.6667,618.5556,10.08373333,3228.88440000,0.44774444,2,5.000000,41.500000,0,0.00
A-e98302,Company_286,EdTech,US,Enterprise,30.5000,2094.5000,25134.0000,622.6667,8.72321667,2797.62500000,0.50296667,9,4.142857,44.444444,0,0.00
A-eafc6e,Company_149,DevTools,US,Pro,36.0000,2318.4286,27821.1429,760.8571,9.34047143,2714.59047143,0.40952857,1,NULL,64.000000,1,0.00
A-eb1312,Company_322,FinTech,US,Pro,30.2500,1512.2500,18147.0000,540.9167,9.96867500,2790.43882500,0.50902500,1,5.000000,68.000000,1,0.00
A-eb2fdc,Company_216,DevTools,AU,Enterprise,33.5000,2664.0000,31968.0000,660.5000,10.34355000,3329.52550000,0.34205833,5,4.500000,33.600000,1,0.00
A-eb7c38,Company_47,DevTools,AU,Enterprise,28.8000,2547.3333,30568.0000,524.7333,9.80516000,2926.84262000,0.35714667,5,4.333333,22.400000,1,6.26
A-eb7fac,Company_28,DevTools,US,Enterprise,32.4000,4209.6000,50515.2000,675.2000,10.26868889,3763.83386667,0.88651111,4,4.000000,34.000000,1,0.00
A-ed510f,Company_361,Cybersecurity,IN,Basic,42.0000,3616.2000,43394.4000,785.7000,10.07154000,3203.39465000,0.48964000,9,4.000000,44.555556,1,0.00
A-ee42db,Company_77,EdTech,DE,Enterprise,26.2500,963.9167,11567.0000,874.5833,9.78957500,2985.32985000,0.54791667,4,3.000000,33.750000,1,23.52
A-ef84cf,Company_274,EdTech,US,Enterprise,16.2000,1501.4000,18016.8000,614.6000,10.99166000,3541.93334000,0.35834000,5,4.333333,34.800000,1,18.81
A-f03140,Company_209,DevTools,IN,Pro,28.2000,2107.5000,25290.0000,754.6000,10.33563000,3553.22918000,0.43982000,7,3.666667,36.000000,1,0.00
A-f17767,Company_123,DevTools,US,Enterprise,13.6429,1152.7857,13833.4286,796.7857,10.19177500,3021.02242500,0.56666667,3,4.000000,36.333333,1,0.00
A-f19409,Company_105,DevTools,US,Basic,28.5000,2844.6667,34136.0000,728.6667,10.62330833,3365.24801667,0.52916667,3,4.000000,6.333333,1,0.00
A-f19b24,Company_462,Cybersecurity,US,Pro,29.0000,841.0000,10092.0000,696.6667,9.91666667,3872.83333333,0.69443333,2,4.000000,35.500000,0,0.00
A-f1f639,Company_296,EdTech,US,Basic,5.2500,729.7500,8757.0000,921.2500,9.66667500,3251.63750000,0.60832500,7,4.800000,20.000000,1,0.00
A-f25509,Company_92,EdTech,US,Enterprise,40.0000,3224.4000,38692.8000,682.0000,9.65500000,3009.76832000,0.56832000,6,4.666667,42.666667,1,0.00
A-f3ff05,Company_44,FinTech,IN,Enterprise,15.9231,1497.3077,17967.6923,587.6923,9.83663846,2830.79523077,0.48763846,3,3.500000,42.666667,1,0.00
A-f44180,Company_376,Cybersecurity,UK,Pro,20.3636,2617.0909,31405.0909,750.3636,9.67813636,3122.60020909,0.48918182,2,5.000000,46.500000,1,38.15
A-f446b6,Company_36,DevTools,DE,Pro,16.4444,1265.7778,15189.3333,775.6667,9.56270000,3242.35078889,0.71825556,8,4.250000,30.750000,0,0.00
A-f45426,Company_172,HealthTech,US,Basic,19.8182,1571.7273,18860.7273,512.6364,10.33539091,3264.45779091,0.86233636,3,4.000000,17.000000,1,47.17
A-f51f16,Company_282,HealthTech,US,Enterprise,17.7500,1663.7500,19965.0000,726.5000,10.06846250,3729.06100000,0.77083750,4,3.000000,29.250000,1,0.00
A-f5641b,Company_382,EdTech,US,Pro,33.1000,3912.0000,46944.0000,593.8000,11.02917000,3424.00000000,0.36250000,4,3.000000,47.500000,1,0.00
A-f6b2fb,Company_418,DevTools,AU,Basic,25.7000,2335.9000,28030.8000,576.8000,9.52214000,2769.15858000,0.61191000,5,4.000000,55.000000,1,0.00
A-f92792,Company_67,FinTech,US,Pro,14.4286,1343.3571,16120.2857,631.6429,9.41071429,2678.95714286,0.55237857,2,4.000000,45.000000,1,0.00
A-f97b9a,Company_159,FinTech,US,Pro,27.2727,2166.6364,25999.6364,754.9091,10.07042727,3042.04148182,0.53499091,7,3.666667,31.714286,0,0.00
A-f9cc74,Company_360,DevTools,FR,Enterprise,32.3000,1555.7000,18668.4000,531.3000,9.49822000,2733.67214000,0.44000000,6,4.000000,49.833333,0,0.00
A-fa2041,Company_211,HealthTech,US,Pro,21.8333,1742.9167,20915.0000,675.9167,8.93065833,2590.34910833,0.47291667,1,3.000000,16.000000,1,0.00
A-fa3095,Company_174,FinTech,US,Basic,70.0000,5769.1667,69230.0000,753.0000,10.09064167,3578.79920000,0.73529167,5,5.000000,49.200000,1,0.00
A-faa28c,Company_91,HealthTech,US,Enterprise,49.2857,4171.7143,50060.5714,662.1429,9.73792857,2734.31862857,0.35663571,4,4.666667,52.250000,1,0.00
A-fabe19,Company_97,DevTools,UK,Enterprise,19.5714,2928.1429,35137.7143,408.0000,10.17414286,3451.16172857,0.36037143,3,4.000000,40.666667,0,0.00
A-fb186e,Company_131,EdTech,IN,Basic,30.3333,1923.6667,23084.0000,565.0000,10.05553333,3810.44446667,0.41666667,6,3.666667,26.166667,0,0.00
A-fce879,Company_291,EdTech,UK,Pro,25.6000,1359.4000,16312.8000,611.0000,11.40572000,3712.80858000,0.52858000,2,4.000000,28.000000,1,0.00
A-fd7ad3,Company_100,Cybersecurity,US,Enterprise,11.5000,383.1000,4597.2000,474.9000,10.11368000,3087.11511000,0.78560000,8,4.166667,48.750000,1,70.03
A-fd9422,Company_263,Cybersecurity,US,Pro,58.0000,3125.5556,37506.6667,585.4444,10.55572222,3508.25488889,0.38434444,6,3.500000,44.333333,0,0.00
A-fda07f,Company_230,Cybersecurity,FR,Basic,24.0833,2368.1667,28418.0000,619.9167,10.45619167,3541.61110833,0.61629167,5,4.000000,17.800000,1,17.34
A-fdfc91,Company_414,Cybersecurity,US,Basic,42.7000,2061.2000,24734.4000,762.3000,10.12452000,2915.50902000,0.55966000,5,3.666667,28.800000,0,0.00
A-fe79a5,Company_81,HealthTech,IN,Basic,11.4000,1353.2000,16238.4000,577.3000,9.78500000,3095.58167000,0.46667000,4,5.000000,28.500000,0,0.00
A-ff3c73,Company_244,HealthTech,AU,Pro,29.1111,481.6667,5780.0000,806.1111,9.88227778,3376.53385556,0.52592222,2,3.500000,35.500000,1,2.42
A-ff79f2,Company_165,DevTools,US,Basic,30.5556,3097.0000,37164.0000,503.2222,9.45555556,3460.96481111,0.30000000,2,NULL,50.000000,0,0.00
A-ffc04f,Company_307,EdTech,US,Pro,19.3333,1335.9333,16031.2000,560.8667,9.82468000,3149.91889333,0.67651333,7,4.500000,17.714286,1,0.00
A-ffdfd5,Company_365,EdTech,US,Basic,21.6000,1432.2000,17186.4000,595.8000,10.21667000,2723.13214000,0.46071000,NULL,NULL,NULL,1,0.00
